-- MySQL Workbench Forward Engineering

SET @OLD_UNIQUE_CHECKS=@@UNIQUE_CHECKS, UNIQUE_CHECKS=0;
SET @OLD_FOREIGN_KEY_CHECKS=@@FOREIGN_KEY_CHECKS, FOREIGN_KEY_CHECKS=0;
SET @OLD_SQL_MODE=@@SQL_MODE, SQL_MODE='TRADITIONAL,ALLOW_INVALID_DATES';

-- -----------------------------------------------------
-- Schema formation_db
-- -----------------------------------------------------
DROP SCHEMA IF EXISTS `formation_db` ;

-- -----------------------------------------------------
-- Schema formation_db
-- -----------------------------------------------------
CREATE SCHEMA IF NOT EXISTS `formation_db` DEFAULT CHARACTER SET utf8 ;
USE `formation_db` ;

-- -----------------------------------------------------
-- Table `formation_db`.`secretariat`
-- -----------------------------------------------------
DROP TABLE IF EXISTS `formation_db`.`secretariat` ;

CREATE TABLE IF NOT EXISTS `formation_db`.`secretariat` (
  `secretariatId` INT NOT NULL AUTO_INCREMENT,
  `campus` VARCHAR(45) NULL,
  `batiment` VARCHAR(30) NULL,
  `niveau` VARCHAR(20) NULL,
  `salle` VARCHAR(20) NULL,
  `telephone` VARCHAR(45) NULL,
  `mail` VARCHAR(70) NULL,
  PRIMARY KEY (`secretariatId`))
ENGINE = InnoDB;


-- -----------------------------------------------------
-- Table `formation_db`.`users`
-- -----------------------------------------------------
DROP TABLE IF EXISTS `formation_db`.`users` ;

CREATE TABLE IF NOT EXISTS `formation_db`.`users` (
  `username` VARCHAR(45) NOT NULL,
  `password` VARCHAR(60) NOT NULL,
  `enabled` TINYINT(1) NOT NULL DEFAULT 1,
  `first_name` VARCHAR(70) NULL,
  `last_name` VARCHAR(45) NULL,
  `telephone` VARCHAR(45) NULL,
  `email` VARCHAR(75) NULL,
  `status` VARCHAR(45) NULL,
  PRIMARY KEY (`username`),
  UNIQUE INDEX `username_UNIQUE` (`username` ASC))
ENGINE = InnoDB;


-- -----------------------------------------------------
-- Table `formation_db`.`universite`
-- -----------------------------------------------------
DROP TABLE IF EXISTS `formation_db`.`universite` ;

CREATE TABLE IF NOT EXISTS `formation_db`.`universite` (
  `univId` INT NOT NULL AUTO_INCREMENT,
  `libelle` VARCHAR(150) NULL,
  `abreviation` VARCHAR(20) NULL,
  `description` MEDIUMTEXT NULL,
  `document` BLOB NULL,
  `secretariatId` INT NOT NULL,
  `username` VARCHAR(45) NOT NULL,
  PRIMARY KEY (`univId`),
  INDEX `fk_univ_secretariatId` (`secretariatId` ASC),
  INDEX `fk_univ_username` (`username` ASC),
  CONSTRAINT `fk_univ_secretariatId`
    FOREIGN KEY (`secretariatId`)
    REFERENCES `formation_db`.`secretariat` (`secretariatId`)
    ON DELETE CASCADE
    ON UPDATE CASCADE,
  CONSTRAINT `fk_univ_username`
    FOREIGN KEY (`username`)
    REFERENCES `formation_db`.`users` (`username`)
    ON DELETE CASCADE
    ON UPDATE CASCADE)
ENGINE = InnoDB;


-- -----------------------------------------------------
-- Table `formation_db`.`composante`
-- -----------------------------------------------------
DROP TABLE IF EXISTS `formation_db`.`composante` ;

CREATE TABLE IF NOT EXISTS `formation_db`.`composante` (
  `composanteId` INT NOT NULL AUTO_INCREMENT,
  `libelle` VARCHAR(150) NULL,
  `abreviation` VARCHAR(20) NULL,
  `description` MEDIUMTEXT NULL,
  `document` BLOB NULL,
  `secretariatId` INT NOT NULL,
  `username` VARCHAR(45) NOT NULL,
  PRIMARY KEY (`composanteId`),
  INDEX `fk_comp_secretariatId` (`secretariatId` ASC),
  INDEX `fk_comp_username` (`username` ASC),
  CONSTRAINT `fk_comp_secretariatId`
    FOREIGN KEY (`secretariatId`)
    REFERENCES `formation_db`.`secretariat` (`secretariatId`)
    ON DELETE CASCADE
    ON UPDATE CASCADE,
  CONSTRAINT `fk_comp_username`
    FOREIGN KEY (`username`)
    REFERENCES `formation_db`.`users` (`username`)
    ON DELETE CASCADE
    ON UPDATE CASCADE)
ENGINE = InnoDB;


-- -----------------------------------------------------
-- Table `formation_db`.`universites_composante`
-- -----------------------------------------------------
DROP TABLE IF EXISTS `formation_db`.`universites_composante` ;

CREATE TABLE IF NOT EXISTS `formation_db`.`universites_composante` (
  `univId` INT NOT NULL,
  `composanteId` INT NOT NULL,
  PRIMARY KEY (`univId`, `composanteId`),
  INDEX `fk_uc_composanteId` (`composanteId` ASC),
  CONSTRAINT `fk_uc_universiteId`
    FOREIGN KEY (`univId`)
    REFERENCES `formation_db`.`universite` (`univId`)
    ON DELETE CASCADE
    ON UPDATE CASCADE,
  CONSTRAINT `fk_uc_composanteId`
    FOREIGN KEY (`composanteId`)
    REFERENCES `formation_db`.`composante` (`composanteId`)
    ON DELETE CASCADE
    ON UPDATE CASCADE)
ENGINE = InnoDB;


-- -----------------------------------------------------
-- Table `formation_db`.`departement`
-- -----------------------------------------------------
DROP TABLE IF EXISTS `formation_db`.`departement` ;

CREATE TABLE IF NOT EXISTS `formation_db`.`departement` (
  `departementId` INT NOT NULL AUTO_INCREMENT,
  `libelle` VARCHAR(150) NULL,
  `abreviation` VARCHAR(20) NULL,
  `description` MEDIUMTEXT NULL,
  `document` BLOB NULL,
  `secretariatId` INT NOT NULL,
  `username` VARCHAR(45) NOT NULL,
  PRIMARY KEY (`departementId`),
  INDEX `fk_dep_secretariatId` (`secretariatId` ASC),
  INDEX `fk_dep_username` (`username` ASC),
  CONSTRAINT `fk_dep_secretariatId`
    FOREIGN KEY (`secretariatId`)
    REFERENCES `formation_db`.`secretariat` (`secretariatId`)
    ON DELETE CASCADE
    ON UPDATE CASCADE,
  CONSTRAINT `fk_dep_username`
    FOREIGN KEY (`username`)
    REFERENCES `formation_db`.`users` (`username`)
    ON DELETE CASCADE
    ON UPDATE CASCADE)
ENGINE = InnoDB;


-- -----------------------------------------------------
-- Table `formation_db`.`super_formation`
-- -----------------------------------------------------
DROP TABLE IF EXISTS `formation_db`.`super_formation` ;

CREATE TABLE IF NOT EXISTS `formation_db`.`super_formation` (
  `supformationId` INT NOT NULL AUTO_INCREMENT,
  `libelle` VARCHAR(150) NULL,
  `abreviation` VARCHAR(20) NULL,
  `description` MEDIUMTEXT NULL,
  `document` BLOB NULL,
  `secretariatId` INT NOT NULL,
  `username` VARCHAR(45) NOT NULL,
  PRIMARY KEY (`supformationId`),
  INDEX `fk_supf_secretariatId` (`secretariatId` ASC),
  INDEX `fk_supf_username` (`username` ASC),
  CONSTRAINT `fk_supf_secretariatId`
    FOREIGN KEY (`secretariatId`)
    REFERENCES `formation_db`.`secretariat` (`secretariatId`)
    ON DELETE CASCADE
    ON UPDATE CASCADE,
  CONSTRAINT `fk_supf_username`
    FOREIGN KEY (`username`)
    REFERENCES `formation_db`.`users` (`username`)
    ON DELETE CASCADE
    ON UPDATE CASCADE)
ENGINE = InnoDB;


-- -----------------------------------------------------
-- Table `formation_db`.`composante_departement`
-- -----------------------------------------------------
DROP TABLE IF EXISTS `formation_db`.`composante_departement` ;

CREATE TABLE IF NOT EXISTS `formation_db`.`composante_departement` (
  `composanteId` INT NOT NULL,
  `departementId` INT NOT NULL,
  PRIMARY KEY (`composanteId`, `departementId`),
  INDEX `fk_cd_departementId` (`departementId` ASC),
  CONSTRAINT `fk_cd_composanteId`
    FOREIGN KEY (`composanteId`)
    REFERENCES `formation_db`.`composante` (`composanteId`)
    ON DELETE CASCADE
    ON UPDATE CASCADE,
  CONSTRAINT `fk_cd_departementId`
    FOREIGN KEY (`departementId`)
    REFERENCES `formation_db`.`departement` (`departementId`)
    ON DELETE CASCADE
    ON UPDATE CASCADE)
ENGINE = InnoDB;


-- -----------------------------------------------------
-- Table `formation_db`.`departement_superformation`
-- -----------------------------------------------------
DROP TABLE IF EXISTS `formation_db`.`departement_superformation` ;

CREATE TABLE IF NOT EXISTS `formation_db`.`departement_superformation` (
  `departementId` INT NOT NULL,
  `supformationId` INT NOT NULL,
  PRIMARY KEY (`departementId`, `supformationId`),
  INDEX `fk_dsf_supformationId` (`supformationId` ASC),
  CONSTRAINT `fk_dsf_departementId`
    FOREIGN KEY (`departementId`)
    REFERENCES `formation_db`.`departement` (`departementId`)
    ON DELETE CASCADE
    ON UPDATE CASCADE,
  CONSTRAINT `fk_dsf_supformationId`
    FOREIGN KEY (`supformationId`)
    REFERENCES `formation_db`.`super_formation` (`supformationId`)
    ON DELETE CASCADE
    ON UPDATE CASCADE)
ENGINE = InnoDB;


-- -----------------------------------------------------
-- Table `formation_db`.`formation`
-- -----------------------------------------------------
DROP TABLE IF EXISTS `formation_db`.`formation` ;

CREATE TABLE IF NOT EXISTS `formation_db`.`formation` (
  `formationId` INT NOT NULL AUTO_INCREMENT,
  `libelle` VARCHAR(150) NULL,
  `abreviation` VARCHAR(20) NULL,
  `description` MEDIUMTEXT NULL,
  `document` BLOB NULL,
  `secretariatId` INT NOT NULL,
  `username` VARCHAR(45) NOT NULL,
  PRIMARY KEY (`formationId`),
  INDEX `fk_form_secretariatId` (`secretariatId` ASC),
  INDEX `fk_form_username` (`username` ASC),
  CONSTRAINT `fk_form_secretariatId`
    FOREIGN KEY (`secretariatId`)
    REFERENCES `formation_db`.`secretariat` (`secretariatId`)
    ON DELETE CASCADE
    ON UPDATE CASCADE,
  CONSTRAINT `fk_formation_users1`
    FOREIGN KEY (`username`)
    REFERENCES `formation_db`.`users` (`username`)
    ON DELETE CASCADE
    ON UPDATE CASCADE)
ENGINE = InnoDB;


-- -----------------------------------------------------
-- Table `formation_db`.`superformation_formation`
-- -----------------------------------------------------
DROP TABLE IF EXISTS `formation_db`.`superformation_formation` ;

CREATE TABLE IF NOT EXISTS `formation_db`.`superformation_formation` (
  `supformationId` INT NOT NULL,
  `formationId` INT NOT NULL,
  PRIMARY KEY (`supformationId`, `formationId`),
  INDEX `fk_sff_formationId` (`formationId` ASC),
  CONSTRAINT `fk_sff_supformationId`
    FOREIGN KEY (`supformationId`)
    REFERENCES `formation_db`.`super_formation` (`supformationId`)
    ON DELETE CASCADE
    ON UPDATE CASCADE,
  CONSTRAINT `fk_sff_formationId`
    FOREIGN KEY (`formationId`)
    REFERENCES `formation_db`.`formation` (`formationId`)
    ON DELETE CASCADE
    ON UPDATE CASCADE)
ENGINE = InnoDB;


-- -----------------------------------------------------
-- Table `formation_db`.`cours`
-- -----------------------------------------------------
DROP TABLE IF EXISTS `formation_db`.`cours` ;

CREATE TABLE IF NOT EXISTS `formation_db`.`cours` (
  `coursId` INT NOT NULL AUTO_INCREMENT,
  `libelle` VARCHAR(150) NULL,
  `abreviation` VARCHAR(20) NULL,
  `description` MEDIUMTEXT NULL,
  `document` BLOB NULL,
  `username` VARCHAR(45) NOT NULL,
  PRIMARY KEY (`coursId`),
  INDEX `fk_c_usersname` (`username` ASC),
  CONSTRAINT `fk_c_username`
    FOREIGN KEY (`username`)
    REFERENCES `formation_db`.`users` (`username`)
    ON DELETE CASCADE
    ON UPDATE CASCADE)
ENGINE = InnoDB;


-- -----------------------------------------------------
-- Table `formation_db`.`formation_cours`
-- -----------------------------------------------------
DROP TABLE IF EXISTS `formation_db`.`formation_cours` ;

CREATE TABLE IF NOT EXISTS `formation_db`.`formation_cours` (
  `formationId` INT NOT NULL,
  `coursId` INT NOT NULL,
  PRIMARY KEY (`formationId`, `coursId`),
  INDEX `fk_fc_coursId` (`coursId` ASC),
  CONSTRAINT `fk_fc_formationId`
    FOREIGN KEY (`formationId`)
    REFERENCES `formation_db`.`formation` (`formationId`)
    ON DELETE CASCADE
    ON UPDATE CASCADE,
  CONSTRAINT `fk_fc_coursId`
    FOREIGN KEY (`coursId`)
    REFERENCES `formation_db`.`cours` (`coursId`)
    ON DELETE CASCADE
    ON UPDATE CASCADE)
ENGINE = InnoDB;


-- -----------------------------------------------------
-- Table `formation_db`.`role`
-- -----------------------------------------------------
DROP TABLE IF EXISTS `formation_db`.`role` ;

CREATE TABLE IF NOT EXISTS `formation_db`.`role` (
  `roleId` INT(11) NOT NULL AUTO_INCREMENT,
  `username` VARCHAR(45) NOT NULL,
  `role` VARCHAR(45) NOT NULL,
  PRIMARY KEY (`roleId`),
  INDEX `fk_users_idx` (`username` ASC),
  CONSTRAINT `fk_users`
    FOREIGN KEY (`username`)
    REFERENCES `formation_db`.`users` (`username`)
    ON DELETE CASCADE
    ON UPDATE CASCADE)
ENGINE = InnoDB;


SET SQL_MODE=@OLD_SQL_MODE;
SET FOREIGN_KEY_CHECKS=@OLD_FOREIGN_KEY_CHECKS;
SET UNIQUE_CHECKS=@OLD_UNIQUE_CHECKS;

-- -----------------------------------------------------
-- Data for table `formation_db`.`secretariat`
-- -----------------------------------------------------
START TRANSACTION;
USE `formation_db`;
INSERT INTO `formation_db`.`secretariat` (`secretariatId`, `campus`, `batiment`, `niveau`, `salle`, `telephone`, `mail`) VALUES (1, 'Galilee', 'A', '2', '200', '0123456789', 'secretariat@paris13.com');
INSERT INTO `formation_db`.`secretariat` (`secretariatId`, `campus`, `batiment`, `niveau`, `salle`, `telephone`, `mail`) VALUES (2, 'Villetaneuse', 'C', '1C', '104', '0987654321', 'secretaritV@paris13.com');
INSERT INTO `formation_db`.`secretariat` (`secretariatId`, `campus`, `batiment`, `niveau`, `salle`, `telephone`, `mail`) VALUES (3, 'IUT', 'S1', '3', '508', '6545613245', 'secretariat@paris13.com');

COMMIT;


-- -----------------------------------------------------
-- Data for table `formation_db`.`users`
-- -----------------------------------------------------
START TRANSACTION;
USE `formation_db`;
INSERT INTO `formation_db`.`users` (`username`, `password`, `enabled`, `first_name`, `last_name`, `telephone`, `email`, `status`) VALUES ('alyssa', '0ef174fc614c8d61e2d63329ef7f46c0', true, 'alyssa', 'mel', '0123456789', 'amel.ghadab11@gmail.com', 'ACTIVE');
INSERT INTO `formation_db`.`users` (`username`, `password`, `enabled`, `first_name`, `last_name`, `telephone`, `email`, `status`) VALUES ('user1', '24c9e15e52afc47c225b757e7bee1f9d', true, 'user', 'user', '9876543210', 'user@gmail.com', 'ACTIVE');
INSERT INTO `formation_db`.`users` (`username`, `password`, `enabled`, `first_name`, `last_name`, `telephone`, `email`, `status`) VALUES ('mel', '1f3d34f31b40ae8495d1bc6da0488421', true, 'mel', 'milou', '1112336457', 'mel@live.fr', '');
INSERT INTO `formation_db`.`users` (`username`, `password`, `enabled`, `first_name`, `last_name`, `telephone`, `email`, `status`) VALUES ('user2', '7e58d63b60197ceb55a1c487989a3720', true, 'user2', 'user2', '3551798465', 'user2@gmail.com', NULL);

COMMIT;


-- -----------------------------------------------------
-- Data for table `formation_db`.`universite`
-- -----------------------------------------------------
START TRANSACTION;
USE `formation_db`;
INSERT INTO `formation_db`.`universite` (`univId`, `libelle`, `abreviation`, `description`, `document`, `secretariatId`, `username`) VALUES (1, 'Univ Paris13', 'P13', 'La meilleure! Lorem ipsum dolor sit amet, consectetur adipiscing elit. Suspendisse venenatis tincidunt orci, vel aliquam massa luctus nec. In vitae tempor orci. Nulla sollicitudin consequat odio, in consectetur erat. Mauris massa ligula, interdum at erat eu, pharetra pellentesque risus. Pellentesque aliquet at odio maximus tincidunt. Vestibulum faucibus placerat mi id posuere. Nam pellentesque erat vel elit lacinia gravida. !', 0xFFD8FFE000104A46494600010101004800480000FFFE003C43524541544F523A2067642D6A7065672076312E3020287573696E6720494A47204A50454720763632292C207175616C697479203D203130300AFFDB0043000302020302020303030304030304050805050404050A070706080C0A0C0C0B0A0B0B0D0E12100D0E110E0B0B1016101113141515150C0F171816141812141514FFDB00430103040405040509050509140D0B0D1414141414141414141414141414141414141414141414141414141414141414141414141414141414141414141414141414FFC0001108001B004603012200021101031101FFC4001F0000010501010101010100000000000000000102030405060708090A0BFFC400B5100002010303020403050504040000017D01020300041105122131410613516107227114328191A1082342B1C11552D1F02433627282090A161718191A25262728292A3435363738393A434445464748494A535455565758595A636465666768696A737475767778797A838485868788898A92939495969798999AA2A3A4A5A6A7A8A9AAB2B3B4B5B6B7B8B9BAC2C3C4C5C6C7C8C9CAD2D3D4D5D6D7D8D9DAE1E2E3E4E5E6E7E8E9EAF1F2F3F4F5F6F7F8F9FAFFC4001F0100030101010101010101010000000000000102030405060708090A0BFFC400B51100020102040403040705040400010277000102031104052131061241510761711322328108144291A1B1C109233352F0156272D10A162434E125F11718191A262728292A35363738393A434445464748494A535455565758595A636465666768696A737475767778797A82838485868788898A92939495969798999AA2A3A4A5A6A7A8A9AAB2B3B4B5B6B7B8B9BAC2C3C4C5C6C7C8C9CAD2D3D4D5D6D7D8D9DAE2E3E4E5E6E7E8E9EAF2F3F4F5F6F7F8F9FAFFDA000C03010002110311003F00FD4FA335C7D87C5CF0A6A735AC36DAA1965BAB65BB853ECF203244CE1030CAFF00799463AFCC3D69E9F14FC3522DBB25FB3C5713C16F0C8B0B959249959A3038E72AA4E7D31401D6E68CD7273FC4FD020D385EF9D70F0792D39DB6CF955542DCE40C120700D788FED2DFB5A6ABF01FC7FA468B69A3E8DA85A4DA38D5E4B6D47507B6BEBE3F6C8ADFEC9648A8C249C8977843D769E839001F4D668CD78B68DFB40DCEA9FB4478DFE1C1D1E38F4FD07495BDB5D544A49BBB844824B8876E30362DDDB1E39F9EBC7FC0FF00B756B9E27F81BE3BF1B4DE1DD06EEFBC3BA4695ABC6BA3EA524F664DE939B29DCA031DCC1B73220DD8F313A669D80FA43E33F8A63F07F8223BF95FCB8A4D5F4AB2763D02CFA85BC27F490D7724F26BE2BFDB07C7BE37F1FDAFC5EF85FA5697A45943A26870EBD6267BA963D5AF8DB88EF52F2D2329E5CD0ACF09B66556DEAE031E1941F52D73F6A594FECC9E12F8BBE18D0E0D7ED35A6D356E6292EFC84B21733C76F2B1E09731CAE5360E723AE01A00FA0B3457CE5AE7ED27E34F09FC70D47C137BE02B4D6E17B29B52D3ECBC3FAA09B548ED2399214B9BA491522449999CA2AB965F2C861CF05203DC34FF0001F8734A1682CF44B1B7FB18DB6E638141886F0F853D86E00E3D87A0A920F066856DE5F95A4DA46B1795E5A2C402A18976C6557A02AA7008EDC56CF7A2803187833425B17B31A55B0B6756464D9D43641E7AF393CFBD604DF09F4F9FE31D8FC427B891EF2CF41934286C9E3568D55AE126F34311B838D9B7AF426BB8ED4500785E85FB26E87A0FC60BFF008930EB9A93F88751BAD4E5BD2E418E782EE28A35B7D99DAAB088222ACA0336DF989E318BA57EC51A1E8BF0ABC4DE02B3F12EA30693AFE8DA569772CB0440ACD64823FB5A8C63CC9634855F3C7EE94F5CD7D1DDE8EF4C0F29D4BE01C5ACFC6DD33E205FF8AB58BDB6D32492EAC3C3B3885EDAD6E64B53692B47214F3562788E5A00DB0C9F3919AF99AE3E0F7FC283D5BC41F07F5EBFB8D2FE0678E75BB5D57C31AFC2AAC9A06A49770DCB699396E12399E151131E092472EC71F7776AA7ACE8BA7F89349BAD2F56B1B6D4F4DBC8CC371677912CB0CC87AABA302181F422803E7BF893FB0EF86FE35789E7BBF885E2CF12F8ABC3F0DCDD5DE95A14F72B00D324B87579825C46AB33C60A0091BB15453800E17057AA7C2306C6CFC47A3C724ADA7E8FABC961631CD2B4A61816288AC7BD896201638C938181D00145007FFFD9, 1, 'mel');
INSERT INTO `formation_db`.`universite` (`univId`, `libelle`, `abreviation`, `description`, `document`, `secretariatId`, `username`) VALUES (DEFAULT, 'Univ Paris12', 'P12', 'Morbi cursus vel leo at pulvinar. Donec molestie non neque dictum congue. Donec placerat interdum tortor, in egestas ligula rutrum sed. Cras vel odio in lacus hendrerit sagittis sit amet sit amet nisi. Cras ut nunc sit amet mi accumsan lacinia et dignissim felis. Proin faucibus id magna eu eleifend. Nam pretium feugiat congue. Suspendisse posuere orci ac egestas euismod. Donec odio sem, auctor non ipsum congue, lobortis tincidunt libero. Phasellus dignissim neque vehicula leo ultrices lacinia. Vestibulum libero erat, iaculis in vulputate id, faucibus eu velit. Sed non nulla sodales, bibendum nisi et, egestas dolor. Vivamus consequat volutpat lacus nec euismod. ', 0xFFD8FFE1118F4578696600004D4D002A000000080007011200030000000100010000011A00050000000100000062011B0005000000010000006A012800030000000100020000013100020000001C0000007201320002000000140000008E8769000400000001000000A4000000D00000012C000000010000012C0000000141646F62652050686F746F73686F70204353332057696E646F777300323031313A30333A30332031333A34313A32390000000003A00100030000000100010000A00200040000000100000050A003000400000001000000230000000000000006010300030000000100060000011A0005000000010000011E011B0005000000010000012601280003000000010002000002010004000000010000012E0202000400000001000010590000000000000048000000010000004800000001FFD8FFE000104A46494600010200004800480000FFED000C41646F62655F434D0001FFEE000E41646F626500648000000001FFDB0084000C08080809080C09090C110B0A0B11150F0C0C0F1518131315131318110C0C0C0C0C0C110C0C0C0C0C0C0C0C0C0C0C0C0C0C0C0C0C0C0C0C0C0C0C0C0C0C0C0C010D0B0B0D0E0D100E0E10140E0E0E14140E0E0E0E14110C0C0C0C0C11110C0C0C0C0C0C110C0C0C0C0C0C0C0C0C0C0C0C0C0C0C0C0C0C0C0C0C0C0C0C0C0C0C0CFFC0001108004600A003012200021101031101FFDD0004000AFFC4013F0000010501010101010100000000000000030001020405060708090A0B0100010501010101010100000000000000010002030405060708090A0B1000010401030204020507060805030C33010002110304211231054151611322718132061491A1B14223241552C16233347282D14307259253F0E1F163733516A2B283264493546445C2A3743617D255E265F2B384C3D375E3F3462794A485B495C4D4E4F4A5B5C5D5E5F55666768696A6B6C6D6E6F637475767778797A7B7C7D7E7F711000202010204040304050607070605350100021103213112044151617122130532819114A1B14223C152D1F0332462E1728292435315637334F1250616A2B283072635C2D2449354A317644555367465E2F2B384C3D375E3F34694A485B495C4D4E4F4A5B5C5D5E5F55666768696A6B6C6D6E6F62737475767778797A7B7C7FFDA000C03010002110311003F00F554924925292492494A49032F370F0ABF5732FAF1EBECEB1C1A09F01B9733D47FC64745C696E132CCE78E081E957FF6E5A3D4FF00C010320372CF8394E6339FD56394FC40F47F8FF23D6AAF999F85835FAB997D78EC330EB1C1B31AC3777D272F31EA5F5FFEB066CB29B1B855191B681EE83E3759BDFBBF9557A2B9EBAEBAFB5D75F63ADB5DABAC792E71FEB3DF2E4C393B0FB5D6E5FF00E2F65951CF90631FBB0F5CBEDF97FE9BE93D47FC64F47C796E0D76673C443BF9AAFCFDF60F57FF00005CBF50FAF9F58738ECAED6E154ED36E388744FFA67EFB777FC57A4B9B5ABD33EACF5DEA45AFC5C47FA4608BACFD1D713F49AFB76FA9FF5AF5134C89EBF40E9C3E1BC872B1E39C63A7F94CE41FF00A5FABFF9AFB2A4924A678F5249249294924924A5249249294924924A7FFFD0F554924925387F59BEB5637D5F6D42CA1F91764071A9AD21ADF66DDDEA58E9737E9FE6D762E1FA97F8C1EBF992CA1CCC1A8C88A44BE0FEF5D66EF77F2AA6D2B53FC697F3DD37FAB77E5A572DD3BEAEF5AEA70EC2C4B1F59E2D70D95FCADB7631DFD8514A47888BFA07A6F86729C94794C7CC668C38A5C573CA7D1E99CA3F2CFD0D2BEFBF22D376458FBAD77D2B2C71738FF6DF2E435DDF4EFF001636187F54CC0D1DEAC6127FEDFB87FE885D4F4DFAABD07A66D7636230DAD822EB7F48F91F9CD7D9BBD3FF00AD6C4840F6A66CFF001CE5310E1C77948D84070C3FC697FDC3E5DD37EADF5CEA70EC3C4B1D5BB5173C7A75C78B6CB7635FFF005BDEBA9E9DFE2C1C61DD5332399AB187F9BFA7B9BFFBAEBBE4938631D7572798F8EF3592C63E1C31FEAFAA7FE3CBFEF5CAE9BF563A174C21D8B88C16B608BACFD25808FCE6D96EF757FF005BD8B552493C00367332649E49716494A72EF33C454921DEE7368B1CD30E0C7107CC040E936D9774BC3BAD76FB6CA2A7BDE624B9CC6B9CEF6FEF39258DB4924925292492494A4924925292492494FF00FFD1E87A6FF8C719DF5C9FF55BF679ACB2FC8A3ED5EB6E9FB3B6D7EFF43D16FF003BE87FA65D375CCDB7A7F45EA19F486BADC4C6BAFADAF92D2EAEB7DAC0F0D2D76CDCDFDE5E49F573FF00CB35BFF87BA87FD465AF53FAD9FF00895EB3FF008432BFF3CD8929E4FF00C5B75ACDFADB7F51CEEB82AC9B30DD50C369A981B48B3D5759E87B77FBFD3AFDEF7BECF62A393FE3B5B4645B41E8C5DE93DCC9FB4C4ED25B3FD1937F88DFE8DD63FAF47E4B961FF8BACAE938BF5D3A9D9D5ADC7A31CD37B5AECA7318C2F37D30D6BAF219EA6C0F4926448009240DBC1EAFA2FF008E5E8B9D94CC6EA38AFE9A2D76D6DE5E2DA9A4FF00A77EDA5F537F97E9D9FF0009B2B5A1F5D7FC628FAA7D428C23D3CE67AF4FADEA7ADE9C7B9D5ECDBE8DDFB8B89FF1B59DF54F2ACC21D15D8F766B779C9BB136967A643456DB6DA7F476D9B9BFA3F7FE8BFEB8C59DFE316AC8A6AFAB9564B5CCBEBE918EDB18E0438386E058F6BBDDBDBF9E921E97FF001F367FE529FF00D89FFDF65D7FD4DFAE957D67E9B95D42CC71D3EBC4B0B1FBAD0F1B431B6BAD73CD747A6D6EE5CC1FF1BFF54A7FE48B8FFD6E9FFD28A3F5EBEB3D599FE2F31B37A4D470E9EB39069B185AD6BBD3ACDCDB5AE351DBFA4B316BFF00ACFE8D25363ACFF8E8E938992EA3A5E1BFA8B184875EE7FA0C27FE066BBACB1BFD76529FA2FF008E7E919B94DC7EA986FE9AD7986DE1FEB560FF00C34574D95B7FA95DAAD7F8AAFAB1D370FEAF63F58752CB3A8E76EB0DEF01CE63039F5D55504FF34DD8DDF6ECFA6F7FE93F9BA974D91F55FA064F54A3ABDB8351CFC6717D7786C12E886BED6B7D973EBFA54BEDDFE8BFF9A494E864FF0046B7FA8EFC8ABF44FF0091B03FF0B53FF9ED8AC64FF46B7FA8EFC8ABF44FF91B03FF000B53FF009ED8929E77FF001C4C56E3E36559885D4DD562DD9068B05CEA464D59F936EFAEB66F7FD85BD33764FF0085F42C7DDE8FE83D2B4DFF003E21B5B9F8240C870C7C722D043B2EDC5C3EA785845FB3D9F6CFB6DD8ECBFF009B67D977FF0087FD10FA77D6FE83753856FD80E20EAF96453B98C1BDF6B2A63B37D9FCF6EB7368C1C8B19EFF005BD6FF000745A9FA77D72E979B5B9D4F4BB806659C7ADA1B492FBAAC7C8C860AA2CFE93E8607A1B1DFE9F17F49FE8D2959DF5DEEC4C2B333EC2CB1833AFC2ADBEBBC17371865BACC87BBEC8595B1FF0060F67F398B5FA9FADE6635745C8EFF00ADB935F54B3A659802ABC65B3131C59696FA8CB6ACBC8C7CEDCDC77D3F67BACC1751FA1BB22EAFF4DEBD74DB4FA1685DF583A437071F299D319666F53BDB4DB86C6B4D8DB6C6E5B2335DE9EEF55ACC7CBA7219E9FAB53FD5A5EA6EEBB838AECDB31BA401662E6D745AC8AA9B9D65AEFB162E73996FA7FA0C9B6CF4F1B2FD4FD263FA8FFF0007752929861FD70EA1977F4AACE15140EA57E531C7D6B2D0DAB0DEDC4B9CD73316BDB6BF21FBEADFFA1F46BFD25B57AFFA0EAD61E5E5E27ED1C0E943A6B32335EC398EADC2B0CC7AC595B6FC86DAF6ED7DEDC8B9BECC7F7D9FCE7E8FF47EA50C3FAF8CEA58956474FC1B5C6ECD66131B616C19A9D9D6BBF406E76FAF12B77B367B2E7D7FA4F4BD4B1253D5A4B9CCBFAE0EC4764B2EE9F6EEC7CAA705A1AF63B7DD902BB28DADACBEDF4FD0BE9B1CEF4FFE0BD3B15CC0FAC78D9DD52DE98CAAC65B43F22B7B9DB76EEC61846DDBB5DF45FF00B4EAD9FF0017624A7FFFD2C8FAC3F6AFA95FE328F5BB2875B8B75CFCAA89D058CBDAE665B6B703FCED0FBED6ED7FFC159FCD5AB73EB5FF008D9E899BD032707A55573F273E9752EF5981ADAD960F4EEDF0F76EB7D373BD3F4FF46BD07A963744EA6074CEA6CC7C92FF007331AEDAE74C3BF495B1DEF6BF67A9FA4AD6661FF8BDFA99877FAF4F4AA8D838F54BEE6FFDB592FB6AFF00A0929C4FF13DD1327A7FD5FBB3B26B754FEA560B2A6B84134B1B14DBB7E97E95CFB5CCFDFABD3B7FC22E0BEA7FD57E9FF5A3EB6751E9FD42CBAAAAA65D7B5D416B5DB9B75754136D773766DB9DF9ABDE96574CFAB7F57FA6665B99D370EAC7CA787576D95CCC3CB6E731DEEFCE736B7A4A70FA37F8AAFAA9D272DB981B766DB590EA8653DAE635C3F3C574D7431FFF005EF51717FE3B7FF14183FF008507FE7CB57B2ACBEABF563A0758BD991D4F0ABCABAB67A6C7BE64364BF66847E739253C1FFCF9FF00151FF946CFFD81C7FF00C92B3D519D23EBEFD4DC8C4FAAF8E718F4AB9B763E31AD9431CF8B1D6555B29DECFD2B2EBBFD1FEB3FCE7EFAE9BFF1BFFA99FF0095347DCEFF00C92D0E95D1FA27452FC6E9945588EBFF004AFA987DCE0D867A9B5C4BB6B7724A7CC3EA1FF8C9C6FABFD3FF0060F5DA6E63315EF14DCC6CB980B9CFB28C8A5DB2CFD1DDEA7BBDFF00E8FD3FD1AD9C9FF1C9856755C4C4E93817E663D9606643B6C5CF0EF6B1B83431CEDF66F2C7FE97F9CFE67D9FCF2EB7AD7D53FAAFD65E6EEAB834DB6C6E75FAD5610D01BFA4BE87556BD8C6FEFBFD889D1FEAAFD5DE8877F4BC0AB1EC208F560BEC83CB7D7B8D976CFE46F494E8E4FF0046B7FA8EFC8AB745FF0091703BFEAD4E9FF5B6AB393FD1ADFEA3BF22AFD13FE46C0FFC2D4FFE7B624A79F77D66FAA071311CEC269C5CA38986D9A6AD9517B9EFAB0F2373F655FB2ACAD8FCAABE861FAF8FE9FF0038B47D5FABDFB2B33AA3B02B18DD3CE4B6D069AF71186ECAA2FF00487D1735DBF3BD2F77FDA9BBE87AD72B367D5AE836B6E6D9834B8641B9D74B7573B24B1D96F27FD25DE8D5FA4FF8345AFA274BA9B98C6503D3EA3BBED759738B2CF537FABFA2738D6DF57D5B3D5F4DBFA4494F3E3ACFD58B9985D16DE8C40BB20D75605B562EDAACF4EACCF5DE1D90EC76BADC7CFF00559E83EDC9B37DECF4FD7DF5AB393D53EAA74DEA991D31F875B33322CC47D8C6D55FE9ECBEFF004F1ACE7F4AEC3C97FDA2DDFF00CC7A9EAD3FA55A15FD58E8550A3D2C50C762BDD653635EF16073C31964DCD7FAB66FAE9AA9732C7FF335574FF34AC5FD17A4E464FDAEFC4AACC9DCC70B9CD05E0D6E659516D9F4D9B5F4D2EF6FFA3494F3BD67EB77D5135DB999F89F6CB3A3E6BB15BBABA5D632D6B1F91EBE33B26DAF6D367D8ECAEB77A8CB323231FD2AAAB1FE9A7CEEAFF526AB73706EE9B5D9674FA85D7E3FD9AA9F4A8C7FB4D3632BB367B2BA726DC5AB7ECF42EF5A87FA3EA7E936C7D5AE801A19F60A760636BD9B41696B5B752DDCCFA2FF00D1666533DFFE9EC4EFFABBD15EC731F88C787B1F538BA492DB2BAB16E6B9EE76F77A9462E3D6FF00F8A494CABC3E99D530FD6C9C0A8B32CB6FB2AB994D85CE6815D36D8EA5D9145AF6D4C67A56B2DB3F46A6EE89D19D6576BB0318DB4D9EB54F3533736CFD18F598FDBB9B6FE828FD27FC0D5FE8D58C7C7AF1A96D356ED8D982F7BAC76A771DD6DCE7D8FF0071FCF7A2A4A7FFD3EF9D53BD2CE6D790C1517D8EB1C18F378B086BBD2B3D370B5DB69F657E8B7D77E1FA1F67FA15E4595AAA7037631764365D64E1B6A659E935C2EADD7D78D07D3731FF00A0A77FFA2FB65D5FEAFF0068AEAF9D52494FD09663621C1736ACC2DABDADBDE6BB37FABB768BB6FBACFDA3EA7AAFD9FD23FA27FA2A7D7B1934D42F7B9F90496D59276BD96EF7073EF75ACC5D9FA46BE9FA1BF03F59F4BD2F65B5FD9367CE6924A7E877E2D5FA107346D18EF15BB16B76E2CF49F5DAEAC627F83DFEA647E8FF00ED47D9ABAB67E87D52B69C1F5A835E457E8BDF60C71B1DB58FDF2D760FF80F5BDD5B2CFA7FCDDEFF00FB96C5F39A4929FA4BA4534370CB6BBED7B85AC36BD81E25E1AC10F0F67D2B3E9667FC37A9F687FAA85762B464E4BDF9CE3986AB0DB5FA674A4FA4E6368F45ADCBF459B1ACFD15FF00A4B2CCCF4B664FF31F3924929FA328AFA79CAACD3750DB4D35FA4DA186456DC92FC9FB3907FA25F6FA74DDB3F475FF003967E8957663E18A1C2FCB696886D84D767A66D15E431B6E735E76FDAAC73BD6C965FEFDF5E0D5FCE7D99F6FCF6924A7EA32D67D8F6EE76CF4E37BC12E8DBF49E1D0FDFF00BCA1D2995B3A661B2AB3D6ADB456196C16EE686376D9B1DEE66F6FE62F97D2494FD5492F9552494FD5492F9552494FD5492F9552494FD5492F9552494FFFD9FFED16C450686F746F73686F7020332E30003842494D0425000000000010000000000000000000000000000000003842494D042F00000000004A7B00010048000000480000000000000000000000D002000040020000000000000000000018030000640200000001C0030000B004000001000F2701006C6C756E000000000000000000003842494D03ED000000000010012C000000010002012C0000000100023842494D042600000000000E000000000000000000003F8000003842494D040D000000000004000000783842494D04190000000000040000001E3842494D03F3000000000009000000000000000001003842494D040A00000000000100003842494D271000000000000A000100000000000000023842494D03F5000000000048002F66660001006C66660006000000000001002F6666000100A1999A0006000000000001003200000001005A00000006000000000001003500000001002D000000060000000000013842494D03F80000000000700000FFFFFFFFFFFFFFFFFFFFFFFFFFFFFFFFFFFFFFFFFFFF03E800000000FFFFFFFFFFFFFFFFFFFFFFFFFFFFFFFFFFFFFFFFFFFF03E800000000FFFFFFFFFFFFFFFFFFFFFFFFFFFFFFFFFFFFFFFFFFFF03E800000000FFFFFFFFFFFFFFFFFFFFFFFFFFFFFFFFFFFFFFFFFFFF03E800003842494D040000000000000200003842494D040200000000000200003842494D043000000000000101003842494D042D0000000000060001000000023842494D0408000000000010000000010000024000000240000000003842494D041E000000000004000000003842494D041A00000000034D000000060000000000000000000003300000074E0000000C00530061006E0073002000740069007400720065002D003100000001000000000000000000000000000000000000000100000000000000000000074E0000033000000000000000000000000000000000010000000000000000000000000000000000000010000000010000000000006E756C6C0000000200000006626F756E64734F626A6300000001000000000000526374310000000400000000546F70206C6F6E6700000000000000004C6566746C6F6E67000000000000000042746F6D6C6F6E670000033000000000526768746C6F6E670000074E00000006736C69636573566C4C73000000014F626A6300000001000000000005736C6963650000001200000007736C69636549446C6F6E67000000000000000767726F757049446C6F6E6700000000000000066F726967696E656E756D0000000C45536C6963654F726967696E0000000D6175746F47656E6572617465640000000054797065656E756D0000000A45536C6963655479706500000000496D672000000006626F756E64734F626A6300000001000000000000526374310000000400000000546F70206C6F6E6700000000000000004C6566746C6F6E67000000000000000042746F6D6C6F6E670000033000000000526768746C6F6E670000074E0000000375726C54455854000000010000000000006E756C6C54455854000000010000000000004D7367655445585400000001000000000006616C74546167544558540000000100000000000E63656C6C54657874497348544D4C626F6F6C010000000863656C6C546578745445585400000001000000000009686F727A416C69676E656E756D0000000F45536C696365486F727A416C69676E0000000764656661756C740000000976657274416C69676E656E756D0000000F45536C69636556657274416C69676E0000000764656661756C740000000B6267436F6C6F7254797065656E756D0000001145536C6963654247436F6C6F7254797065000000004E6F6E6500000009746F704F75747365746C6F6E67000000000000000A6C6566744F75747365746C6F6E67000000000000000C626F74746F6D4F75747365746C6F6E67000000000000000B72696768744F75747365746C6F6E6700000000003842494D042800000000000C000000013FF00000000000003842494D0414000000000004000000033842494D040C00000000107500000001000000A000000046000001E0000083400000105900180001FFD8FFE000104A46494600010200004800480000FFED000C41646F62655F434D0001FFEE000E41646F626500648000000001FFDB0084000C08080809080C09090C110B0A0B11150F0C0C0F1518131315131318110C0C0C0C0C0C110C0C0C0C0C0C0C0C0C0C0C0C0C0C0C0C0C0C0C0C0C0C0C0C0C0C0C0C010D0B0B0D0E0D100E0E10140E0E0E14140E0E0E0E14110C0C0C0C0C11110C0C0C0C0C0C110C0C0C0C0C0C0C0C0C0C0C0C0C0C0C0C0C0C0C0C0C0C0C0C0C0C0C0CFFC0001108004600A003012200021101031101FFDD0004000AFFC4013F0000010501010101010100000000000000030001020405060708090A0B0100010501010101010100000000000000010002030405060708090A0B1000010401030204020507060805030C33010002110304211231054151611322718132061491A1B14223241552C16233347282D14307259253F0E1F163733516A2B283264493546445C2A3743617D255E265F2B384C3D375E3F3462794A485B495C4D4E4F4A5B5C5D5E5F55666768696A6B6C6D6E6F637475767778797A7B7C7D7E7F711000202010204040304050607070605350100021103213112044151617122130532819114A1B14223C152D1F0332462E1728292435315637334F1250616A2B283072635C2D2449354A317644555367465E2F2B384C3D375E3F34694A485B495C4D4E4F4A5B5C5D5E5F55666768696A6B6C6D6E6F62737475767778797A7B7C7FFDA000C03010002110311003F00F554924925292492494A49032F370F0ABF5732FAF1EBECEB1C1A09F01B9733D47FC64745C696E132CCE78E081E957FF6E5A3D4FF00C010320372CF8394E6339FD56394FC40F47F8FF23D6AAF999F85835FAB997D78EC330EB1C1B31AC3777D272F31EA5F5FFEB066CB29B1B855191B681EE83E3759BDFBBF9557A2B9EBAEBAFB5D75F63ADB5DABAC792E71FEB3DF2E4C393B0FB5D6E5FF00E2F65951CF90631FBB0F5CBEDF97FE9BE93D47FC64F47C796E0D76673C443BF9AAFCFDF60F57FF00005CBF50FAF9F58738ECAED6E154ED36E388744FFA67EFB777FC57A4B9B5ABD33EACF5DEA45AFC5C47FA4608BACFD1D713F49AFB76FA9FF5AF5134C89EBF40E9C3E1BC872B1E39C63A7F94CE41FF00A5FABFF9AFB2A4924A678F5249249294924924A5249249294924924A7FFFD0F554924925387F59BEB5637D5F6D42CA1F91764071A9AD21ADF66DDDEA58E9737E9FE6D762E1FA97F8C1EBF992CA1CCC1A8C88A44BE0FEF5D66EF77F2AA6D2B53FC697F3DD37FAB77E5A572DD3BEAEF5AEA70EC2C4B1F59E2D70D95FCADB7631DFD8514A47888BFA07A6F86729C94794C7CC668C38A5C573CA7D1E99CA3F2CFD0D2BEFBF22D376458FBAD77D2B2C71738FF6DF2E435DDF4EFF001636187F54CC0D1DEAC6127FEDFB87FE885D4F4DFAABD07A66D7636230DAD822EB7F48F91F9CD7D9BBD3FF00AD6C4840F6A66CFF001CE5310E1C77948D84070C3FC697FDC3E5DD37EADF5CEA70EC3C4B1D5BB5173C7A75C78B6CB7635FFF005BDEBA9E9DFE2C1C61DD5332399AB187F9BFA7B9BFFBAEBBE4938631D7572798F8EF3592C63E1C31FEAFAA7FE3CBFEF5CAE9BF563A174C21D8B88C16B608BACFD25808FCE6D96EF757FF005BD8B552493C00367332649E49716494A72EF33C454921DEE7368B1CD30E0C7107CC040E936D9774BC3BAD76FB6CA2A7BDE624B9CC6B9CEF6FEF39258DB4924925292492494A4924925292492494FF00FFD1E87A6FF8C719DF5C9FF55BF679ACB2FC8A3ED5EB6E9FB3B6D7EFF43D16FF003BE87FA65D375CCDB7A7F45EA19F486BADC4C6BAFADAF92D2EAEB7DAC0F0D2D76CDCDFDE5E49F573FF00CB35BFF87BA87FD465AF53FAD9FF00895EB3FF008432BFF3CD8929E4FF00C5B75ACDFADB7F51CEEB82AC9B30DD50C369A981B48B3D5759E87B77FBFD3AFDEF7BECF62A393FE3B5B4645B41E8C5DE93DCC9FB4C4ED25B3FD1937F88DFE8DD63FAF47E4B961FF8BACAE938BF5D3A9D9D5ADC7A31CD37B5AECA7318C2F37D30D6BAF219EA6C0F4926448009240DBC1EAFA2FF008E5E8B9D94CC6EA38AFE9A2D76D6DE5E2DA9A4FF00A77EDA5F537F97E9D9FF0009B2B5A1F5D7FC628FAA7D428C23D3CE67AF4FADEA7ADE9C7B9D5ECDBE8DDFB8B89FF1B59DF54F2ACC21D15D8F766B779C9BB136967A643456DB6DA7F476D9B9BFA3F7FE8BFEB8C59DFE316AC8A6AFAB9564B5CCBEBE918EDB18E0438386E058F6BBDDBDBF9E921E97FF001F367FE529FF00D89FFDF65D7FD4DFAE957D67E9B95D42CC71D3EBC4B0B1FBAD0F1B431B6BAD73CD747A6D6EE5CC1FF1BFF54A7FE48B8FFD6E9FFD28A3F5EBEB3D599FE2F31B37A4D470E9EB39069B185AD6BBD3ACDCDB5AE351DBFA4B316BFF00ACFE8D25363ACFF8E8E938992EA3A5E1BFA8B184875EE7FA0C27FE066BBACB1BFD76529FA2FF008E7E919B94DC7EA986FE9AD7986DE1FEB560FF00C34574D95B7FA95DAAD7F8AAFAB1D370FEAF63F58752CB3A8E76EB0DEF01CE63039F5D55504FF34DD8DDF6ECFA6F7FE93F9BA974D91F55FA064F54A3ABDB8351CFC6717D7786C12E886BED6B7D973EBFA54BEDDFE8BFF9A494E864FF0046B7FA8EFC8ABF44FF0091B03FF0B53FF9ED8AC64FF46B7FA8EFC8ABF44FF91B03FF000B53FF009ED8929E77FF001C4C56E3E36559885D4DD562DD9068B05CEA464D59F936EFAEB66F7FD85BD33764FF0085F42C7DDE8FE83D2B4DFF003E21B5B9F8240C870C7C722D043B2EDC5C3EA785845FB3D9F6CFB6DD8ECBFF009B67D977FF0087FD10FA77D6FE83753856FD80E20EAF96453B98C1BDF6B2A63B37D9FCF6EB7368C1C8B19EFF005BD6FF000745A9FA77D72E979B5B9D4F4BB806659C7ADA1B492FBAAC7C8C860AA2CFE93E8607A1B1DFE9F17F49FE8D2959DF5DEEC4C2B333EC2CB1833AFC2ADBEBBC17371865BACC87BBEC8595B1FF0060F67F398B5FA9FADE6635745C8EFF00ADB935F54B3A659802ABC65B3131C59696FA8CB6ACBC8C7CEDCDC77D3F67BACC1751FA1BB22EAFF4DEBD74DB4FA1685DF583A437071F299D319666F53BDB4DB86C6B4D8DB6C6E5B2335DE9EEF55ACC7CBA7219E9FAB53FD5A5EA6EEBB838AECDB31BA401662E6D745AC8AA9B9D65AEFB162E73996FA7FA0C9B6CF4F1B2FD4FD263FA8FFF0007752929861FD70EA1977F4AACE15140EA57E531C7D6B2D0DAB0DEDC4B9CD73316BDB6BF21FBEADFFA1F46BFD25B57AFFA0EAD61E5E5E27ED1C0E943A6B32335EC398EADC2B0CC7AC595B6FC86DAF6ED7DEDC8B9BECC7F7D9FCE7E8FF47EA50C3FAF8CEA58956474FC1B5C6ECD66131B616C19A9D9D6BBF406E76FAF12B77B367B2E7D7FA4F4BD4B1253D5A4B9CCBFAE0EC4764B2EE9F6EEC7CAA705A1AF63B7DD902BB28DADACBEDF4FD0BE9B1CEF4FFE0BD3B15CC0FAC78D9DD52DE98CAAC65B43F22B7B9DB76EEC61846DDBB5DF45FF00B4EAD9FF0017624A7FFFD2C8FAC3F6AFA95FE328F5BB2875B8B75CFCAA89D058CBDAE665B6B703FCED0FBED6ED7FFC159FCD5AB73EB5FF008D9E899BD032707A55573F273E9752EF5981ADAD960F4EEDF0F76EB7D373BD3F4FF46BD07A963744EA6074CEA6CC7C92FF007331AEDAE74C3BF495B1DEF6BF67A9FA4AD6661FF8BDFA99877FAF4F4AA8D838F54BEE6FFDB592FB6AFF00A0929C4FF13DD1327A7FD5FBB3B26B754FEA560B2A6B84134B1B14DBB7E97E95CFB5CCFDFABD3B7FC22E0BEA7FD57E9FF5A3EB6751E9FD42CBAAAAA65D7B5D416B5DB9B75754136D773766DB9DF9ABDE96574CFAB7F57FA6665B99D370EAC7CA787576D95CCC3CB6E731DEEFCE736B7A4A70FA37F8AAFAA9D272DB981B766DB590EA8653DAE635C3F3C574D7431FFF005EF51717FE3B7FF14183FF008507FE7CB57B2ACBEABF563A0758BD991D4F0ABCABAB67A6C7BE64364BF66847E739253C1FFCF9FF00151FF946CFFD81C7FF00C92B3D519D23EBEFD4DC8C4FAAF8E718F4AB9B763E31AD9431CF8B1D6555B29DECFD2B2EBBFD1FEB3FCE7EFAE9BFF1BFFA99FF0095347DCEFF00C92D0E95D1FA27452FC6E9945588EBFF004AFA987DCE0D867A9B5C4BB6B7724A7CC3EA1FF8C9C6FABFD3FF0060F5DA6E63315EF14DCC6CB980B9CFB28C8A5DB2CFD1DDEA7BBDFF00E8FD3FD1AD9C9FF1C9856755C4C4E93817E663D9606643B6C5CF0EF6B1B83431CEDF66F2C7FE97F9CFE67D9FCF2EB7AD7D53FAAFD65E6EEAB834DB6C6E75FAD5610D01BFA4BE87556BD8C6FEFBFD889D1FEAAFD5DE8877F4BC0AB1EC208F560BEC83CB7D7B8D976CFE46F494E8E4FF0046B7FA8EFC8AB745FF0091703BFEAD4E9FF5B6AB393FD1ADFEA3BF22AFD13FE46C0FFC2D4FFE7B624A79F77D66FAA071311CEC269C5CA38986D9A6AD9517B9EFAB0F2373F655FB2ACAD8FCAABE861FAF8FE9FF0038B47D5FABDFB2B33AA3B02B18DD3CE4B6D069AF71186ECAA2FF00487D1735DBF3BD2F77FDA9BBE87AD72B367D5AE836B6E6D9834B8641B9D74B7573B24B1D96F27FD25DE8D5FA4FF8345AFA274BA9B98C6503D3EA3BBED759738B2CF537FABFA2738D6DF57D5B3D5F4DBFA4494F3E3ACFD58B9985D16DE8C40BB20D75605B562EDAACF4EACCF5DE1D90EC76BADC7CFF00559E83EDC9B37DECF4FD7DF5AB393D53EAA74DEA991D31F875B33322CC47D8C6D55FE9ECBEFF004F1ACE7F4AEC3C97FDA2DDFF00CC7A9EAD3FA55A15FD58E8550A3D2C50C762BDD653635EF16073C31964DCD7FAB66FAE9AA9732C7FF335574FF34AC5FD17A4E464FDAEFC4AACC9DCC70B9CD05E0D6E659516D9F4D9B5F4D2EF6FFA3494F3BD67EB77D5135DB999F89F6CB3A3E6BB15BBABA5D632D6B1F91EBE33B26DAF6D367D8ECAEB77A8CB323231FD2AAAB1FE9A7CEEAFF526AB73706EE9B5D9674FA85D7E3FD9AA9F4A8C7FB4D3632BB367B2BA726DC5AB7ECF42EF5A87FA3EA7E936C7D5AE801A19F60A760636BD9B41696B5B752DDCCFA2FF00D1666533DFFE9EC4EFFABBD15EC731F88C787B1F538BA492DB2BAB16E6B9EE76F77A9462E3D6FF00F8A494CABC3E99D530FD6C9C0A8B32CB6FB2AB994D85CE6815D36D8EA5D9145AF6D4C67A56B2DB3F46A6EE89D19D6576BB0318DB4D9EB54F3533736CFD18F598FDBB9B6FE828FD27FC0D5FE8D58C7C7AF1A96D356ED8D982F7BAC76A771DD6DCE7D8FF0071FCF7A2A4A7FFD3EF9D53BD2CE6D790C1517D8EB1C18F378B086BBD2B3D370B5DB69F657E8B7D77E1FA1F67FA15E4595AAA7037631764365D64E1B6A659E935C2EADD7D78D07D3731FF00A0A77FFA2FB65D5FEAFF0068AEAF9D52494FD09663621C1736ACC2DABDADBDE6BB37FABB768BB6FBACFDA3EA7AAFD9FD23FA27FA2A7D7B1934D42F7B9F90496D59276BD96EF7073EF75ACC5D9FA46BE9FA1BF03F59F4BD2F65B5FD9367CE6924A7E877E2D5FA107346D18EF15BB16B76E2CF49F5DAEAC627F83DFEA647E8FF00ED47D9ABAB67E87D52B69C1F5A835E457E8BDF60C71B1DB58FDF2D760FF80F5BDD5B2CFA7FCDDEFF00FB96C5F39A4929FA4BA4534370CB6BBED7B85AC36BD81E25E1AC10F0F67D2B3E9667FC37A9F687FAA85762B464E4BDF9CE3986AB0DB5FA674A4FA4E6368F45ADCBF459B1ACFD15FF00A4B2CCCF4B664FF31F3924929FA328AFA79CAACD3750DB4D35FA4DA186456DC92FC9FB3907FA25F6FA74DDB3F475FF003967E8957663E18A1C2FCB696886D84D767A66D15E431B6E735E76FDAAC73BD6C965FEFDF5E0D5FCE7D99F6FCF6924A7EA32D67D8F6EE76CF4E37BC12E8DBF49E1D0FDFF00BCA1D2995B3A661B2AB3D6ADB456196C16EE686376D9B1DEE66F6FE62F97D2494FD5492F9552494FD5492F9552494FD5492F9552494FD5492F9552494FFFD9003842494D042100000000005500000001010000000F00410064006F00620065002000500068006F0074006F00730068006F00700000001300410064006F00620065002000500068006F0074006F00730068006F0070002000430053003300000001003842494D04060000000000070006010100010100FFDB0043000302020302020303030304030304050805050404050A070706080C0A0C0C0B0A0B0B0D0E12100D0E110E0B0B1016101113141515150C0F171816141812141514FFDB00430103040405040509050509140D0B0D1414141414141414141414141414141414141414141414141414141414141414141414141414141414141414141414141414FFC00011080023005003012200021101031101FFC4001F0000010501010101010100000000000000000102030405060708090A0BFFC400B5100002010303020403050504040000017D01020300041105122131410613516107227114328191A1082342B1C11552D1F02433627282090A161718191A25262728292A3435363738393A434445464748494A535455565758595A636465666768696A737475767778797A838485868788898A92939495969798999AA2A3A4A5A6A7A8A9AAB2B3B4B5B6B7B8B9BAC2C3C4C5C6C7C8C9CAD2D3D4D5D6D7D8D9DAE1E2E3E4E5E6E7E8E9EAF1F2F3F4F5F6F7F8F9FAFFC4001F0100030101010101010101010000000000000102030405060708090A0BFFC400B51100020102040403040705040400010277000102031104052131061241510761711322328108144291A1B1C109233352F0156272D10A162434E125F11718191A262728292A35363738393A434445464748494A535455565758595A636465666768696A737475767778797A82838485868788898A92939495969798999AA2A3A4A5A6A7A8A9AAB2B3B4B5B6B7B8B9BAC2C3C4C5C6C7C8C9CAD2D3D4D5D6D7D8D9DAE2E3E4E5E6E7E8E9EAF2F3F4F5F6F7F8F9FAFFDA000C03010002110311003F00FD53A28AFCFEFDB07F680F8AF67F1B755F87BE0BD4AF6DACA186DDA3B7D0ED775E485E1576F9D417EAC71B71C62B2A951535767D370FE4388E22C5BC261E7185A2E4DC9B4924D27B27DFFE09F6F78CFE23785BE1DD97DAFC4DE20D3B438319537B70B1B3FF00BAA4E58FB006BE67F88BFF000523F01F877CD83C29A5DFF8B2E97216761F63B53EFB9C173FF7C0FAD7CDDE0DFD85FE30FC51BDFED3F10A2E80939DD25EF882E5A4B971EBE58DCF9F67DB5F4C7C3AFF008270FC3EF0CF953F89EFEFFC5F76B82D1337D92D73FEE21DE7F17C7B57373D6A9F0AB7F5FD743F45FEC6E0CC875CCB18F15517D9A7F0FDE9FF00EDEBD0F99BC51FB6D7C65F8B5AAA697A0CCDA2C73B80961E1AB566B8619FF9E877499F75DBF4AFD4B41845FA5617847C03E1BF00D80B2F0DE85A7E876D8C14B1B758B77BB1032C7DCE4D699D4E21AB8D3B6BF9C60371BB1F2ED0C171F5C9ADE94250BB93BDCF89E24CEB2FCD7D8D2CB706A853A7CDB5AF2BDB595974B756F7DCB9451456E7C5051451401F327ECA9F193C5FF13B5DFDA02D7C47AA8BF87C2DE32BED2348096D1C46DADA3076265146F238F99B27DEBE3EF05FED0FF13F4DFD94BE03EB5A67C438FC3BE29F1EF8CEEF48D73C61AD5A5BDEB887ED12223CAD3823644A0606540550010057D19E29FD947E27785FE24FC48D57E0BFC5FD27C23A1F8EEE9AF75BD2F55D3C5D4B6576CA44B35BBE4E18EF27076E320738521FE22FF827CE8373F0AFE077C3CB2D6EC6F7C37E02D746A9AAC7ABC1BFFB655E467B88F6AB6137B348002480303271C834DAD8F03F1E7EDA5F193E1AF847E3878760F893A17C44D4BC23A7693A9E9BE3ED034CB61144D717D6F04B6D346A1E02C5266C63246C6E49E17AEF859FB596ADA60F1078B2EFF6A0B0F8C561E17F0FDE6B97FE0CB2F04A69525D2A461100BAD836013CB0E48CE7D319AFA13E3CFEC75E11F1BFECDBE28F85BF0EAC7C3BF0F175C9AD2E24B8B4B2548D8C37114BBA409867385C0249C6E15CFF0085FF00673F8B7AA79DA0FC50F1F782B5FF00875AB585C693AA699A378792C2EAE2396178D1639D71B196431B71FDCE99A04735F0AF41FDAE3E297857C2BF13C7C5EF0BE8B1EBEB6FA9A78265F0E249630584C55D41B807CE2FE5303B720E7E5F30751F5C5DB14F18B1F34424694E7CCC676FEF0738F6AF937C0FFB337C7FF00E91A4F81741FDA2B4DB5F871A3CC8B6975FD8914BAC45691B075B6DCD942A1405C927E5E31B7E4AFAD2543278D5537E0B696C37E01FF96839C74A00F9C349F8D52DCCD6933FED03A64EB3C51C8B689E152AC4AAC6EE7046FC3C72A10080773704E0A8B569F13350B7B9B66B8F8F1677B6A63B79A55B7F0DEF2F11B7595F63221F9E4475940E7602C369C71E9BA4781FE2424F21D675FF000C6A68F62F0A18B46F29A0B8F2F11C8325B72EFF0098A1C70C464E0551B6F86FF13E2D0511FC53E193AE477F048B787415319B15836496DB46D218BF224070071B00F968021F0E7C5ED13E1DDEDF68FE2FF885FF00091EAF7179E55AAFF673C4EAD1ADB5BCB12844DAC7CF9549C743363F84D75DA57C7BF01EB3AB5A6996DE208FEDF7730B78609ADE6899E42BB82FCE839239FC47AD713A87C31F8C174F752A78D7C266E25DBF3C9E1A53B9846EBBCE5C9DDBBCA6C9DC06C231CE47B15AE83686DE06BBB2B49AF1513CC97C85F99D7B8E077E47A500433F83746B99449358A4AC1998076665058E5B009C0E493C7727D6A1FF008407C3FE6B4834C895D828254B0E14E463078E79A28A002DFC01E1FB4398B4C895B72B6EDCC5815000E49CF40062A43E08D08E9F6F6474C83ECB6FFEAA3C1C2F5E4739CF279EBC9F534514008FE08D0A560CFA6C4E473F31241FA8CF3F8D6A47A75B457293A42AB3245E42B8EA1339DBF4C81451401668A28A0028A28A00FFD9, 2, 'user1');
INSERT INTO `formation_db`.`universite` (`univId`, `libelle`, `abreviation`, `description`, `document`, `secretariatId`, `username`) VALUES (DEFAULT, 'Univ Paris8', 'P8', 'Aliquam quis auctor odio. Donec hendrerit dictum commodo. Nunc lobortis, dolor vitae maximus volutpat, justo velit sagittis augue, et consectetur neque orci vel est. Nam at lectus leo. Vestibulum nulla leo, lobortis luctus nisl et, gravida lobortis turpis. Quisque congue feugiat lorem quis efficitur. Pellentesque pretium elementum urna, vitae vulputate quam mattis non. Integer finibus egestas purus, a egestas lectus tempor eu. Nunc rhoncus malesuada suscipit. Sed faucibus metus elit, eget maximus sem imperdiet non. Curabitur posuere, neque sed eleifend sollicitudin, diam quam volutpat arcu, sit amet efficitur metus eros vel nisi. Praesent a pulvinar leo, et faucibus orci. Maecenas volutpat sed purus non tincidunt. Nam rutrum, nisi gravida luctus gravida, enim nisi porta lorem, ac pulvinar ligula sem eget nisl. ', 0xFFD8FFE000104A46494600010101004800480000FFDB0043000302020302020303030304030304050805050404050A070706080C0A0C0C0B0A0B0B0D0E12100D0E110E0B0B1016101113141515150C0F171816141812141514FFDB00430103040405040509050509140D0B0D1414141414141414141414141414141414141414141414141414141414141414141414141414141414141414141414141414FFC00011080020005503012200021101031101FFC4001F0000010501010101010100000000000000000102030405060708090A0BFFC400B5100002010303020403050504040000017D01020300041105122131410613516107227114328191A1082342B1C11552D1F02433627282090A161718191A25262728292A3435363738393A434445464748494A535455565758595A636465666768696A737475767778797A838485868788898A92939495969798999AA2A3A4A5A6A7A8A9AAB2B3B4B5B6B7B8B9BAC2C3C4C5C6C7C8C9CAD2D3D4D5D6D7D8D9DAE1E2E3E4E5E6E7E8E9EAF1F2F3F4F5F6F7F8F9FAFFC4001F0100030101010101010101010000000000000102030405060708090A0BFFC400B51100020102040403040705040400010277000102031104052131061241510761711322328108144291A1B1C109233352F0156272D10A162434E125F11718191A262728292A35363738393A434445464748494A535455565758595A636465666768696A737475767778797A82838485868788898A92939495969798999AA2A3A4A5A6A7A8A9AAB2B3B4B5B6B7B8B9BAC2C3C4C5C6C7C8C9CAD2D3D4D5D6D7D8D9DAE2E3E4E5E6E7E8E9EAF2F3F4F5F6F7F8F9FAFFDA000C03010002110311003F00F59B1D7FF682F8B3FB477C74D37C0BF15E1D0AD7C13A8DBC3A7787F55D22DEE6C6E964877794EFB4488095237024FCDED4EBFF00DB87C73F1AFE1EFC34F09FC2ED36CF46F8C1E34174BA935C289A0F0FC56B2B437171B5B39DCE87CB0D9C00D9C9C5717E14D77E33DA7ED5BFB4EE93F07FC37A35EDF6A3AC5A4773AFEB579B23D2BF7185710E3F7ADCB11CE0151904715E59FB3EE91F11BF669FDA6BE22D97C3DF86737C66BAF0CD8DB787EE6F97515B2FB3CCE05C4F27CCAC4F992B4BC7A0F7A00EBBC0BFB46FED05F153C21F01342D1FE26A68BE2BF156B7E23B0BDD66E74AB699275B3F29E10F1F9780002EBF2807E6E738AEAFC71FB6AFC5EF86F79A2F80BC726CB45F881E1FF1AE9306AD7DA2DBA3DA6BBA1DC473B978D1C1D8C7CB00EDDBCE31B7915F3D7C27F8A56FF097C2FF00B3478E756D1F52BFB5D27C47E33BCBAD3F48884F73B7CB8776D04A8217249248C0526BB6F8BBFF000927C51F16781BF686F15E8C3C25A17897C77E1CD3B41D36E6559245D2E04B897ED12B0E3E724B63B038E40C900F64F0CFC7CFDAB7E267C3193E3A784AD3C2D77E106B979ACFC011D8B4D7B75651CC636C4E3E6328009E08E41217F86BE92F8F9F187C47A4781BC196FE15B47D33C47E319A2B7B737AA03D96F4566560460382E1790718638C815E1BE3FF008557BFB3D7C36D77E35FECE1F110D8F8463B693C4971E0CBB617BA06A1072F2B5B82774058648D847400115D27C6BF8A575F1F3C1FF0BBC3FE1AF0EF99E25F14D85AF88A232CA55F4D0C991B5C630787CB1FE15E99231E5E655254F0D2E46F99D92B6EEEF65D9BDAFD37E87D2F0ED0A75F32A7ED92E48A94A4E56E58A517EF493D1A8BB371FB56E5EA74D7DF047E2AF80743BBF1359FC5DBCD4758B285AEE7B2BE466B49B6296643BD88C601E481F857B7FC17F88CBF15FE1BE8BE2616E2D65BB8C89E0539092A92AE07B64123D8D7CE9E2EF803F1F75FF05CDA7DFF00C41B6D5E068B12698B3B46D30C7DC326C1BFFE04707BD7AFFECA7E27D3B5CF849636163A67F62DC68923E997B61B8B18E743F3B64F27713BB9EE48ED5C18272A78A74FD9CA9C5C6E9377BBBEAD59C92B75D6EEFB687BB9C46188CB1623DBC2BCE352CE508F272C5A764D38C1C949ABA766A36693F7AC7B2514515F467E7A145145007947C33FD9FB4DF865F153E25F8DECF54BABCB9F1C5CDBDDDD5A5C2284B67890A6108E4839CF347C26FD9FB4CF84BF107E25F8AECB54BBD42E7C71A9A6A77305CAA85B6655236211D5793D79AF57A2803E55F08FFC13E3C1BE15B5F04DAB6BBAAEA56BE16BDD6AEA186E16302EA3D4E2F2E78A5C0E8ABF75863DC572BE01FD937C6BA9F867C39F09FE23BC377E0AF87BACDAEB7E13F1569770BE7DFC703C823B4BCB765E311C8549538200F4C9FB52931401F13EB3FF0004D83776773E11D37E30F8BB4BF84773766E64F032387B744327986049339116EE7691EFC9E6BD57E2A7C1DD63C37AEF84BC5BF0D0D8C3AC786EC174A5D22F5C2C57366010A809230402C3A8CE783915F4257CFBFB477C3A9FC63AA5BB2783F5AF15D9CB66B0DDDB69BA8DB5B472AABB955632A960C3CD6236B2860C727E515CF5E843110E49FAE9A34D6CD1DF82C6D5C056F6D4ACF469A6AE9A6ACD35D535FE6ACECCE7B56F8EDF1AAF6CA4B1B0F85B0693A81FDD36A177A823410B1FE2F98AAFBFCCC7A7435DEFECDDF0F0FC29F055C41ACEB3697FE20D56FA4BCBF9229D5944CCB931839F9880324E39C938C57855CFC099A2B05B58FE1978BB513C3BC926B968CCF2F9892AC9279B18123A18DE20C79C4F2F50E186CE8FFB3BD9F8862D5EFAF7C13E26D02F56396FC47FDA16CED77712FDA43C418C7FBB046CC84CAFEF0606724E34B08A9D4F6B39B9CAD657B689EF64925F3B5CECC566B2AF43EAD4A8C2941B4DA8297BCD5ED772949E977649A5AED73EB5B5D6F4FBD94476F7B6D3C873848E656271D7807B55DAF97FC1DE16D5BC2DF1061F11E8FF000A757B1B9960B8824FB4DF59476EA249E5B92C422171979E5518E4048C30C735E8F73F15BC7315F4F143F0A753B88239846B2AEA30AEF42EEA5F078E36A120139DF95C819AEE3C43D668AC5F09EB17FAEF876C6FF53D264D0EFE74DD369F3481DA06C91B4B0E0F407F1A2803FFD9, 2, 'user2');

COMMIT;


-- -----------------------------------------------------
-- Data for table `formation_db`.`composante`
-- -----------------------------------------------------
START TRANSACTION;
USE `formation_db`;
INSERT INTO `formation_db`.`composante` (`composanteId`, `libelle`, `abreviation`, `description`, `document`, `secretariatId`, `username`) VALUES (1, 'Galilee', 'IG', 'Lorem ipsum dolor sit amet, consectetur adipiscing elit. Vivamus libero mauris, convallis ac dapibus ut, pharetra vel risus. Vivamus vulputate volutpat ornare.', NULL, 1, 'mel');
INSERT INTO `formation_db`.`composante` (`composanteId`, `libelle`, `abreviation`, `description`, `document`, `secretariatId`, `username`) VALUES (2, 'IU Technologie', 'IUT', 'Fusce sed tortor libero. Morbi varius non nibh a euismod. Morbi ut nisi eu ante volutpat placerat quis ac nisi.', NULL, 2, 'user1');

COMMIT;


-- -----------------------------------------------------
-- Data for table `formation_db`.`universites_composante`
-- -----------------------------------------------------
START TRANSACTION;
USE `formation_db`;
INSERT INTO `formation_db`.`universites_composante` (`univId`, `composanteId`) VALUES (1, 1);
INSERT INTO `formation_db`.`universites_composante` (`univId`, `composanteId`) VALUES (2, 2);
INSERT INTO `formation_db`.`universites_composante` (`univId`, `composanteId`) VALUES (1, 2);

COMMIT;


-- -----------------------------------------------------
-- Data for table `formation_db`.`departement`
-- -----------------------------------------------------
START TRANSACTION;
USE `formation_db`;
INSERT INTO `formation_db`.`departement` (`departementId`, `libelle`, `abreviation`, `description`, `document`, `secretariatId`, `username`) VALUES (1, 'Informatique', 'Info', 'Top Quisque scelerisque nisl eget iaculis suscipit. Nam augue nisl, lacinia in nisi non, pharetra viverra dolor.', NULL, 1, 'user2');
INSERT INTO `formation_db`.`departement` (`departementId`, `libelle`, `abreviation`, `description`, `document`, `secretariatId`, `username`) VALUES (2, 'Mathmatique', 'Math', 'bien Nunc sit amet ex dapibus, laoreet leo vel, sollicitudin risus.', NULL, 1, 'user2');
INSERT INTO `formation_db`.`departement` (`departementId`, `libelle`, `abreviation`, `description`, `document`, `secretariatId`, `username`) VALUES (3, 'Langues', 'Lang', NULL, NULL, 2, 'user1');

COMMIT;


-- -----------------------------------------------------
-- Data for table `formation_db`.`super_formation`
-- -----------------------------------------------------
START TRANSACTION;
USE `formation_db`;
INSERT INTO `formation_db`.`super_formation` (`supformationId`, `libelle`, `abreviation`, `description`, `document`, `secretariatId`, `username`) VALUES (1, 'Master', 'M', 'Nam imperdiet ex lorem, at ultrices quam posuere ut. Etiam iaculis tristique turpis, eget dignissim urna laoreet a.', NULL, 1, 'mel');
INSERT INTO `formation_db`.`super_formation` (`supformationId`, `libelle`, `abreviation`, `description`, `document`, `secretariatId`, `username`) VALUES (2, 'Licence', 'L', NULL, NULL, 1, 'user1');
INSERT INTO `formation_db`.`super_formation` (`supformationId`, `libelle`, `abreviation`, `description`, `document`, `secretariatId`, `username`) VALUES (3, 'Doctorat', 'D', 'Suspendisse potenti. Suspendisse in feugiat elit, vel cursus massa. Curabitur eleifend metus in sapien consectetur dapibus.', NULL, 2, 'user2');
INSERT INTO `formation_db`.`super_formation` (`supformationId`, `libelle`, `abreviation`, `description`, `document`, `secretariatId`, `username`) VALUES (4, 'Ingnieurs', 'SG', 'In condimentum leo at turpis imperdiet tincidunt. Nulla egestas et massa at blandit', NULL, 2, 'mel');

COMMIT;


-- -----------------------------------------------------
-- Data for table `formation_db`.`composante_departement`
-- -----------------------------------------------------
START TRANSACTION;
USE `formation_db`;
INSERT INTO `formation_db`.`composante_departement` (`composanteId`, `departementId`) VALUES (1, 1);
INSERT INTO `formation_db`.`composante_departement` (`composanteId`, `departementId`) VALUES (1, 2);
INSERT INTO `formation_db`.`composante_departement` (`composanteId`, `departementId`) VALUES (2, 3);

COMMIT;


-- -----------------------------------------------------
-- Data for table `formation_db`.`departement_superformation`
-- -----------------------------------------------------
START TRANSACTION;
USE `formation_db`;
INSERT INTO `formation_db`.`departement_superformation` (`departementId`, `supformationId`) VALUES (1, 1);
INSERT INTO `formation_db`.`departement_superformation` (`departementId`, `supformationId`) VALUES (2, 1);
INSERT INTO `formation_db`.`departement_superformation` (`departementId`, `supformationId`) VALUES (3, 2);
INSERT INTO `formation_db`.`departement_superformation` (`departementId`, `supformationId`) VALUES (1, 3);
INSERT INTO `formation_db`.`departement_superformation` (`departementId`, `supformationId`) VALUES (1, 4);
INSERT INTO `formation_db`.`departement_superformation` (`departementId`, `supformationId`) VALUES (3, 3);

COMMIT;


-- -----------------------------------------------------
-- Data for table `formation_db`.`formation`
-- -----------------------------------------------------
START TRANSACTION;
USE `formation_db`;
INSERT INTO `formation_db`.`formation` (`formationId`, `libelle`, `abreviation`, `description`, `document`, `secretariatId`, `username`) VALUES (1, 'Programmation et Logiciels surs', 'PLS', 'Top', NULL, 1, 'mel');
INSERT INTO `formation_db`.`formation` (`formationId`, `libelle`, `abreviation`, `description`, `document`, `secretariatId`, `username`) VALUES (2, 'Mathmatiques appliques', 'MA', 'azlekaljnnnnnnnnnnnnnnnnnnnnnnnnnnn', NULL, 1, 'mel');
INSERT INTO `formation_db`.`formation` (`formationId`, `libelle`, `abreviation`, `description`, `document`, `secretariatId`, `username`) VALUES (3, 'Anglais', 'ANG', 'azkejazemlazkelmazkez', NULL, 3, 'user1');

COMMIT;


-- -----------------------------------------------------
-- Data for table `formation_db`.`superformation_formation`
-- -----------------------------------------------------
START TRANSACTION;
USE `formation_db`;
INSERT INTO `formation_db`.`superformation_formation` (`supformationId`, `formationId`) VALUES (1, 1);
INSERT INTO `formation_db`.`superformation_formation` (`supformationId`, `formationId`) VALUES (1, 3);
INSERT INTO `formation_db`.`superformation_formation` (`supformationId`, `formationId`) VALUES (2, 3);
INSERT INTO `formation_db`.`superformation_formation` (`supformationId`, `formationId`) VALUES (4, 3);

COMMIT;


-- -----------------------------------------------------
-- Data for table `formation_db`.`cours`
-- -----------------------------------------------------
START TRANSACTION;
USE `formation_db`;
INSERT INTO `formation_db`.`cours` (`coursId`, `libelle`, `abreviation`, `description`, `document`, `username`) VALUES (1, 'Programmation Adaptable Web Service', 'PAWS', 'programmation web', NULL, 'user1');
INSERT INTO `formation_db`.`cours` (`coursId`, `libelle`, `abreviation`, `description`, `document`, `username`) VALUES (2, 'Flux de donnes et Programmation', 'FDP', 'akka scala JSON', NULL, 'user2');

COMMIT;


-- -----------------------------------------------------
-- Data for table `formation_db`.`formation_cours`
-- -----------------------------------------------------
START TRANSACTION;
USE `formation_db`;
INSERT INTO `formation_db`.`formation_cours` (`formationId`, `coursId`) VALUES (1, 1);
INSERT INTO `formation_db`.`formation_cours` (`formationId`, `coursId`) VALUES (1, 2);

COMMIT;


-- -----------------------------------------------------
-- Data for table `formation_db`.`role`
-- -----------------------------------------------------
START TRANSACTION;
USE `formation_db`;
INSERT INTO `formation_db`.`role` (`roleId`, `username`, `role`) VALUES (1, 'alyssa', 'ROLE_ADMIN');
INSERT INTO `formation_db`.`role` (`roleId`, `username`, `role`) VALUES (2, 'alyssa', 'ROLE_USER');
INSERT INTO `formation_db`.`role` (`roleId`, `username`, `role`) VALUES (3, 'user1', 'ROLE_USER');

COMMIT;

